"No.","Time","Source","Destination","Protocol","Length","Info"
"2141","9.857700594","192.168.163.128","211.231.99.80","HTTP","622","GET / HTTP/1.1 "
"2145","9.860371892","211.231.99.80","192.168.163.128","HTTP","191","HTTP/1.1 302 Found : Moved Temporarily "
"3558","15.155831427","192.168.163.128","27.0.236.80","HTTP","654","GET / HTTP/1.1 "
"3562","15.164720161","27.0.236.80","192.168.163.128","HTTP","191","HTTP/1.1 302 Found : Moved Temporarily "
"4884","21.146647181","192.168.163.128","211.231.99.80","HTTP","810","GET /?nil_profile=mini&nil_src=daum HTTP/1.1 "
"4888","21.150227441","211.231.99.80","192.168.163.128","HTTP","221","HTTP/1.1 302 Found : Moved Temporarily "
"5788","22.421359002","192.168.163.128","121.53.218.13","HTTP","700","GET / HTTP/1.1 "
"5830","22.444358456","121.53.218.13","192.168.163.128","HTTP","4151","HTTP/1.1 200 OK  (text/html)"
"5843","22.464746396","192.168.163.128","183.111.43.34","HTTP","419","GET /cartoon/cssjs/underscore/underscore-1.8.3.min.js HTTP/1.1 "
"5857","22.466221127","192.168.163.128","183.111.43.34","HTTP","395","GET /tiara/js/v1/tiara.min.js HTTP/1.1 "
"5861","22.466955645","192.168.163.128","183.111.43.34","HTTP","393","GET /adfit/static/ad.min.js HTTP/1.1 "
"5869","22.468324904","183.111.43.34","192.168.163.128","HTTP","60","HTTP/1.1 200 OK  (text/javascript)"
"5879","22.470002987","183.111.43.34","192.168.163.128","HTTP","2538","HTTP/1.1 200 OK  (text/javascript)"
"5914","22.473963085","183.111.43.34","192.168.163.128","HTTP","4243","HTTP/1.1 200 OK  (text/javascript)"
"5920","22.474744131","192.168.163.128","203.217.227.142","HTTP","420","GET /svc/original/U03/cssjs/jquery/jquery-2.1.1.min.js HTTP/1.1 "
"5921","22.474842328","192.168.163.128","203.217.227.142","HTTP","424","GET /svc/original/U03/cssjs/backbone/backbone-1.1.2.min.js HTTP/1.1 "
"5926","22.475337956","192.168.163.128","203.217.227.142","HTTP","434","GET /svc/original/U03/cssjs/jquery/plugin/jquery.cookie-1.4.0.min.js HTTP/1.1 "
"5930","22.476139336","192.168.163.128","203.217.227.142","HTTP","434","GET /svc/original/U03/cssjs/pcsocialshare/pcSocialshare-1.5.3.min.js HTTP/1.1 "
"5939","22.480209273","203.217.227.142","192.168.163.128","HTTP","3570","HTTP/1.1 200 OK  (text/javascript)"
"5941","22.480244220","203.217.227.142","192.168.163.128","HTTP","1167","HTTP/1.1 200 OK  (text/javascript)"
"5967","22.485460453","203.217.227.142","192.168.163.128","HTTP","1572","HTTP/1.1 200 OK  (text/javascript)"
"5971","22.485834154","203.217.227.142","192.168.163.128","HTTP","3336","HTTP/1.1 200 OK  (text/javascript)"
"6044","22.799592276","192.168.163.128","183.111.43.34","HTTP","412","GET /webtoon/images/pc/ico_gidamoo_171101.png HTTP/1.1 "
"6046","22.800024679","192.168.163.128","183.111.43.34","HTTP","411","GET /webtoon/images/pc/tit_comm_180615_2.png HTTP/1.1 "
"6048","22.800531202","192.168.163.128","183.111.43.34","HTTP","402","GET /webtoon/images/pc/bg_event.png HTTP/1.1 "
"6055","22.801263265","192.168.163.128","203.217.238.37","HTTP","416","GET /img-section/cartoon/webtoon2015/gnb_comm.png HTTP/1.1 "
"6061","22.801905682","192.168.163.128","203.217.238.37","HTTP","417","GET /img-section/cartoon/webtoon2015/bg_search.gif HTTP/1.1 "
"6062","22.801971677","192.168.163.128","203.217.238.37","HTTP","418","GET /img-section/cartoon/webtoon2015/txt_search.gif HTTP/1.1 "
"6069","22.802680691","183.111.43.34","192.168.163.128","HTTP","3468","HTTP/1.1 200 OK  (PNG)"
"6090","22.804416233","183.111.43.34","192.168.163.128","HTTP","748","HTTP/1.1 200 OK  (PNG)"
"6092","22.804431642","192.168.163.128","203.217.238.37","HTTP","418","GET /img-section/cartoon/webtoon2015/bg_suggest.gif HTTP/1.1 "
"6095","22.804527535","192.168.163.128","183.111.43.34","HTTP","413","GET /webtoon/images/pc/bg_event_collection.png HTTP/1.1 "
"6103","22.805297078","183.111.43.34","192.168.163.128","HTTP","1660","HTTP/1.1 200 OK  (PNG)"
"6105","22.805321565","203.217.238.37","192.168.163.128","HTTP","1157","HTTP/1.1 200 OK  (PNG)"
"6109","22.805998453","203.217.238.37","192.168.163.128","HTTP","1380","HTTP/1.1 200 OK  (GIF89a)"
"6114","22.806741366","203.217.238.37","192.168.163.128","HTTP","1162","HTTP/1.1 200 OK  (GIF89a)"
"6119","22.808160771","183.111.43.34","192.168.163.128","HTTP","1047","HTTP/1.1 200 OK  (PNG)"
"6124","22.808580405","203.217.238.37","192.168.163.128","HTTP","1187","HTTP/1.1 200 OK  (GIF89a)"
"6179","22.930471030","192.168.163.128","183.111.43.34","HTTP","425","GET /daumtop_deco/scripts/minidaum/pc/minidaum_pc-1d.min.js HTTP/1.1 "
"6189","22.934063128","183.111.43.34","192.168.163.128","HTTP","1095","HTTP/1.1 200 OK  (text/javascript)"
"6204","22.941466592","192.168.163.128","203.217.238.37","HTTP","419","GET /img-section/cartoon/webtoon2015/ico_loading.gif HTTP/1.1 "
"6220","22.946592784","203.217.238.37","192.168.163.128","HTTP","2596","HTTP/1.1 200 OK  (GIF89a)"
"6242","22.950299155","192.168.163.128","183.111.43.34","HTTP","458","GET /daumtop_deco/images/common/minidaum/rtn/ic_cafe.png HTTP/1.1 "
"6243","22.950347007","192.168.163.128","183.111.43.34","HTTP","458","GET /daumtop_deco/images/common/minidaum/rtn/ic_news.png HTTP/1.1 "
"6274","22.954744206","183.111.43.34","192.168.163.128","HTTP","60","HTTP/1.1 200 OK  (PNG)"
"6280","22.955392029","183.111.43.34","192.168.163.128","HTTP","874","HTTP/1.1 200 OK  (PNG)"
"6285","22.958224848","192.168.163.128","183.111.43.34","HTTP","457","GET /daumtop_deco/images/common/minidaum/rtn/ic_map.png HTTP/1.1 "
"6286","22.958289140","192.168.163.128","183.111.43.34","HTTP","462","GET /daumtop_deco/images/common/minidaum/rtn/ic_shopping.png HTTP/1.1 "
"6287","22.958334747","192.168.163.128","203.217.238.37","HTTP","420","GET /img-contents/webtoon/PC/wt_minidaum_20170908.png HTTP/1.1 "
"6299","22.961258650","183.111.43.34","192.168.163.128","HTTP","3410","HTTP/1.1 200 OK  (PNG)"
"6301","22.961543131","183.111.43.34","192.168.163.128","HTTP","1600","HTTP/1.1 200 OK  (PNG)"
"6305","22.962624157","203.217.238.37","192.168.163.128","HTTP","1817","HTTP/1.1 200 OK  (PNG)"
"6387","23.045009021","192.168.163.128","121.53.218.13","HTTP","668","GET /data/pc/my/popup_notice?timeStamp=1582528341761 HTTP/1.1 "
"6397","23.061030034","192.168.163.128","121.53.218.13","HTTP","665","GET /data/pc/webtoon/list_gidamoo HTTP/1.1 "
"6401","23.062357795","192.168.163.128","121.53.218.13","HTTP","739","GET /data/pc/cms/webtoon_home_top_banner?timeStamp=1582528341761 HTTP/1.1 "
"6407","23.063319319","192.168.163.128","121.53.218.13","HTTP","737","GET /data/pc/cms/new_recommend_webtoon?timeStamp=1582528341761 HTTP/1.1 "
"6409","23.063610202","192.168.163.128","121.53.218.13","HTTP","758","GET /data/pc/webtoon/list_daily_ranking/finished?pageSize=5&timeStamp=1582528341761 HTTP/1.1 "
"6414","23.074400976","192.168.163.128","121.53.218.13","HTTP","760","GET /data/pc/webtoon/list_daily_ranking/serialized?pageSize=5&timeStamp=1582528341761 HTTP/1.1 "
"6416","23.075747989","121.53.218.13","192.168.163.128","HTTP","315","HTTP/1.1 200 OK  (application/json)"
"6424","23.080223508","192.168.163.128","121.53.218.13","HTTP","734","GET /data/pc/webtoon/list_recommend?timeStamp=1582528341761 HTTP/1.1 "
"6440","23.088169564","121.53.218.13","192.168.163.128","HTTP","864","HTTP/1.1 200 OK  (application/json)"
"6444","23.089447255","121.53.218.13","192.168.163.128","HTTP","860","HTTP/1.1 200 OK  (application/json)"
"6451","23.091350366","192.168.163.128","121.53.218.13","HTTP","742","GET /data/pc/cms/webtoon_home_middle_banner?timeStamp=1582528341761 HTTP/1.1 "
"6468","23.094262861","192.168.163.128","183.111.43.34","HTTP","458","GET /webtoon/op/071a4d86fb491df34329ee2efc221e7424e5e7d1 HTTP/1.1 "
"6469","23.094310813","192.168.163.128","183.111.43.34","HTTP","458","GET /webtoon/op/8f7e9a817cd80465407a4a77906e949bb05d30db HTTP/1.1 "
"6470","23.094352231","192.168.163.128","183.111.43.34","HTTP","458","GET /webtoon/op/973ca5ba1ddd64f44da886b2b30dcae87861cccb HTTP/1.1 "
"6473","23.094419359","192.168.163.128","183.111.43.34","HTTP","458","GET /webtoon/op/f27345135fece6ff2068ea5908feee58ddae250f HTTP/1.1 "
"6475","23.094494011","192.168.163.128","121.53.218.13","HTTP","739","GET /data/pc/webtoon/list_serialized/mon?timeStamp=1582528341761 HTTP/1.1 "
"6491","23.096916470","121.53.218.13","192.168.163.128","HTTP","4068","HTTP/1.1 200 OK  (application/json)"
"6509","23.098359154","192.168.163.128","183.111.43.34","HTTP","458","GET /webtoon/op/8907d2f6e40a782abaab190d4fcd31796069005a HTTP/1.1 "
"6586","23.106659790","183.111.43.34","192.168.163.128","HTTP","2018","HTTP/1.1 200 OK  (JPEG JFIF image)"
"6595","23.107556246","192.168.163.128","183.111.43.34","HTTP","458","GET /webtoon/op/036761e44cd180625ac199a4ee01646e0ab84415 HTTP/1.1 "
"6606","23.108917851","183.111.43.34","192.168.163.128","HTTP","732","HTTP/1.1 200 OK  (JPEG JFIF image)"
"6611","23.109416930","192.168.163.128","183.111.43.34","HTTP","458","GET /webtoon/op/74ccfd41a4731041c811860540a8a601516ef359 HTTP/1.1 "
"6620","23.109879951","183.111.43.34","192.168.163.128","HTTP","1227","HTTP/1.1 200 OK  (JPEG JFIF image)"
"6622","23.110095652","183.111.43.34","192.168.163.128","HTTP","3609","HTTP/1.1 200 OK  (JPEG JFIF image)"
"6646","23.113519109","121.53.218.13","192.168.163.128","HTTP","313","HTTP/1.1 200 OK  (application/json)"
"6669","23.115950234","192.168.163.128","121.53.218.13","HTTP","735","GET /data/pc/cms/webtoon_home_notice?timeStamp=1582528341761 HTTP/1.1 "
"6690","23.118830944","183.111.43.34","192.168.163.128","HTTP","3464","HTTP/1.1 200 OK  (PNG)"
"6696","23.119864621","183.111.43.34","192.168.163.128","HTTP","2665","HTTP/1.1 200 OK  (JPEG JFIF image)"
"6700","23.119918413","121.53.218.13","192.168.163.128","HTTP","1010","HTTP/1.1 200 OK  (application/json)"
"6713","23.121147181","121.53.218.13","192.168.163.128","HTTP","515","HTTP/1.1 200 OK  (application/json)"
"6733","23.123543219","192.168.163.128","121.53.218.13","HTTP","742","GET /data/pc/cms/webtoon_home_bottom_banner?timeStamp=1582528341761 HTTP/1.1 "
"6761","23.127448950","192.168.163.128","183.111.43.34","HTTP","433","GET /cartoon/58F715580243F20001 HTTP/1.1 "
"6762","23.127530114","192.168.163.128","183.111.43.34","HTTP","458","GET /webtoon/op/f33b48e034b451d210f240a2b11c138b93f23354 HTTP/1.1 "
"6763","23.127547447","192.168.163.128","183.111.43.34","HTTP","458","GET /webtoon/op/c319f2363f58133a543295e274566b207d60f2c5 HTTP/1.1 "
"6780","23.129144836","192.168.163.128","121.53.218.13","HTTP","736","GET /data/pc/webtoon/list_recent_view?timeStamp=1582528341761 HTTP/1.1 "
"6815","23.133879824","183.111.43.34","192.168.163.128","HTTP","3302","HTTP/1.1 200 OK  (PNG)"
"6851","23.138083210","183.111.43.34","192.168.163.128","HTTP","2150","HTTP/1.1 200 OK  (JPEG JFIF image)"
"6855","23.138435621","183.111.43.34","192.168.163.128","HTTP","3688","HTTP/1.1 200 OK  (JPEG JFIF image)"
"6858","23.138790195","183.111.43.34","192.168.163.128","HTTP","3363","HTTP/1.1 200 OK  (JPEG JFIF image)"
"6872","23.140899603","121.53.218.13","192.168.163.128","HTTP","478","HTTP/1.1 200 OK  (application/json)"
"6882","23.141904951","192.168.163.128","211.231.100.117","HTTP","455","GET /svc/image/U03/cartoon/55C041D20439770001 HTTP/1.1 "
"6883","23.141934808","192.168.163.128","211.231.100.117","HTTP","455","GET /svc/image/U03/cartoon/56A5F70E0213240001 HTTP/1.1 "
"6920","23.146890345","121.53.218.13","192.168.163.128","HTTP","1505","HTTP/1.1 200 OK  (application/json)"
"6938","23.150674664","121.53.218.13","192.168.163.128","HTTP","872","HTTP/1.1 200 OK  (application/json)"
"6971","23.154389165","192.168.163.128","183.111.43.34","HTTP","433","GET /cartoon/59226D8606616F0002 HTTP/1.1 "
"6976","23.154623662","192.168.163.128","183.111.43.34","HTTP","458","GET /webtoon/op/ea318101ff21208750a203ca6aa26a45f79061c5 HTTP/1.1 "
"6983","23.154891050","192.168.163.128","183.111.43.34","HTTP","458","GET /webtoon/op/d4ec4636b6b45a7a55ecf7707de14526e7cc2e48 HTTP/1.1 "
"6984","23.154977515","192.168.163.128","183.111.43.34","HTTP","458","GET /webtoon/op/1215f1d5c2992124323269c777aac7c3142ffa21 HTTP/1.1 "
"6986","23.155002382","192.168.163.128","183.111.43.34","HTTP","458","GET /webtoon/op/4a919869d9607f2f6505da41e6c4342e7123d273 HTTP/1.1 "
"6994","23.155639594","192.168.163.128","183.111.43.34","HTTP","458","GET /webtoon/op/795bae18b469e15bb854d2c814db36e8cf1a9c87 HTTP/1.1 "
"6999","23.156150661","211.231.100.117","192.168.163.128","HTTP","976","HTTP/1.1 200 OK  (PNG)"
"7005","23.156806519","211.231.100.117","192.168.163.128","HTTP","4213","HTTP/1.1 200 OK  (JPEG JFIF image)"
"7021","23.158739817","183.111.43.34","192.168.163.128","HTTP","2368","HTTP/1.1 200 OK  (JPEG JFIF image)"
"7040","23.160261958","192.168.163.128","183.111.43.34","HTTP","458","GET /webtoon/op/b758875bac2c298e82dbd36e482a2374f14fea76 HTTP/1.1 "
"7110","23.166552169","183.111.43.34","192.168.163.128","HTTP","1985","HTTP/1.1 200 OK  (JPEG JFIF image)"
"7131","23.168435482","192.168.163.128","183.111.43.34","HTTP","458","GET /webtoon/op/a6a65ea89bd6b3c805e200269c105480526bb646 HTTP/1.1 "
"7174","23.173025594","183.111.43.34","192.168.163.128","HTTP","1006","HTTP/1.1 200 OK  (JPEG JFIF image)"
"7207","23.177937188","183.111.43.34","192.168.163.128","HTTP","3567","HTTP/1.1 200 OK  (JPEG JFIF image)"
"7235","23.182210037","121.53.218.13","192.168.163.128","HTTP","313","HTTP/1.1 200 OK  (application/json)"
"7310","23.192350683","183.111.43.34","192.168.163.128","HTTP","1439","HTTP/1.1 200 OK  (JPEG JFIF image)"
"7323","23.193590372","183.111.43.34","192.168.163.128","HTTP","4399","HTTP/1.1 200 OK  (PNG)"
"7335","23.194225374","183.111.43.34","192.168.163.128","HTTP","161","HTTP/1.1 200 OK  (PNG)"
"7348","23.195467553","192.168.163.128","121.53.218.13","HTTP","661","GET /data/pc/contest/schedule HTTP/1.1 "
"7386","23.200128440","183.111.43.34","192.168.163.128","HTTP","2517","HTTP/1.1 200 OK  (JPEG JFIF image)"
"7450","23.210179280","192.168.163.128","183.111.43.34","HTTP","461","GET /b2/creative/52089/012885b2677bee89fb435df265d0c748.png HTTP/1.1 "
"7552","23.225485955","183.111.43.34","192.168.163.128","HTTP","1954","HTTP/1.1 200 OK  (PNG)"
"7614","23.233301673","121.53.218.13","192.168.163.128","HTTP","3000","HTTP/1.1 200 OK  (application/json)"
"7676","23.244216838","192.168.163.128","183.111.43.34","HTTP","458","GET /webtoon/op/c1826dbbedbe3a293ee9ca2aad0e98c318e48464 HTTP/1.1 "
"7680","23.244838641","192.168.163.128","183.111.43.34","HTTP","458","GET /webtoon/op/f664a9231e3b36e515e29961648d51ae590b3459 HTTP/1.1 "
"7681","23.245028001","192.168.163.128","183.111.43.34","HTTP","458","GET /webtoon/op/07d8ac418599e64a74ad64f280d85eb495104449 HTTP/1.1 "
"7684","23.245151516","192.168.163.128","183.111.43.34","HTTP","458","GET /webtoon/op/d8e3b9fe044aa4297953883dc8a33fd665ae7266 HTTP/1.1 "
"7685","23.245170022","192.168.163.128","183.111.43.34","HTTP","458","GET /webtoon/op/9848558566e2151822606736414c7aa1fb0d4903 HTTP/1.1 "
"7688","23.245230326","192.168.163.128","183.111.43.34","HTTP","458","GET /webtoon/op/e2c5b7c0b00bb271fd8408fd0c4bc2880bb09330 HTTP/1.1 "
"7715","23.249080020","183.111.43.34","192.168.163.128","HTTP","1454","HTTP/1.1 200 OK  (JPEG JFIF image)"
"7741","23.251980838","183.111.43.34","192.168.163.128","HTTP","1054","HTTP/1.1 200 OK  (JPEG JFIF image)"
"7751","23.252851515","192.168.163.128","211.231.100.117","HTTP","455","GET /svc/image/U03/cartoon/5526346602394B0001 HTTP/1.1 "
"7759","23.253830086","183.111.43.34","192.168.163.128","HTTP","966","HTTP/1.1 200 OK  (JPEG JFIF image)"
"7782","23.255807919","183.111.43.34","192.168.163.128","HTTP","2335","HTTP/1.1 200 OK  (JPEG JFIF image)"
"7788","23.256492802","192.168.163.128","183.111.43.34","HTTP","458","GET /webtoon/op/0c231a39076b0d6868ad0e0e281a164ce18250a5 HTTP/1.1 "
"7789","23.256563146","192.168.163.128","183.111.43.34","HTTP","458","GET /webtoon/op/5604cc25c7443a16a0cf109b6512ab844b74f697 HTTP/1.1 "
"7797","23.257166874","192.168.163.128","183.111.43.34","HTTP","458","GET /webtoon/op/8bb95388128b7b0297cd900e41a6ba9d49a84883 HTTP/1.1 "
"7802","23.257634930","183.111.43.34","192.168.163.128","HTTP","1814","HTTP/1.1 200 OK  (JPEG JFIF image)"
"7804","23.257671690","192.168.163.128","183.111.43.34","HTTP","458","GET /webtoon/op/a41b03f593ba09ac6e0c8c8adcc1a1e61e8d45a2 HTTP/1.1 "
"7810","23.258273876","192.168.163.128","183.111.43.34","HTTP","458","GET /webtoon/op/8ceaa9bbf75e63dcd76843ab972ff7ecb78d8a9d HTTP/1.1 "
"7817","23.258684707","183.111.43.34","192.168.163.128","HTTP","767","HTTP/1.1 200 OK  (JPEG JFIF image)"
"7837","23.261451045","192.168.163.128","183.111.43.34","HTTP","458","GET /webtoon/op/e61ef2152518bebba62401bc031ad75cb9eaeec7 HTTP/1.1 "
"7885","23.266561186","183.111.43.34","192.168.163.128","HTTP","178","HTTP/1.1 200 OK  (JPEG JFIF image)"
"7888","23.266921031","183.111.43.34","192.168.163.128","HTTP","2227","HTTP/1.1 200 OK  (JPEG JFIF image)"
"7903","23.267988472","183.111.43.34","192.168.163.128","HTTP","1152","HTTP/1.1 200 OK  (JPEG JFIF image)"
"7906","23.268363966","192.168.163.128","183.111.43.34","HTTP","458","GET /webtoon/op/1df0e6c5493a98b9d215d79b12dbd4f976eadece HTTP/1.1 "
"7909","23.268541158","192.168.163.128","183.111.43.34","HTTP","458","GET /webtoon/op/a94c9ff6c32f586ddf1a04cee83dee2656cfe17d HTTP/1.1 "
"7919","23.269522109","192.168.163.128","183.111.43.34","HTTP","458","GET /webtoon/op/8eb832a046fd147f9f291ff42dd131c318f359e5 HTTP/1.1 "
"7920","23.269524539","183.111.43.34","192.168.163.128","HTTP","530","HTTP/1.1 200 OK  (JPEG JFIF image)"
"7926","23.270336909","183.111.43.34","192.168.163.128","HTTP","1450","HTTP/1.1 200 OK  (JPEG JFIF image)"
"7929","23.270500891","192.168.163.128","183.111.43.34","HTTP","433","GET /cartoon/5939466C0211E70001 HTTP/1.1 "
"7941","23.271682779","211.231.100.117","192.168.163.128","HTTP","1511","HTTP/1.1 200 OK  (PNG)"
"7975","23.275173561","183.111.43.34","192.168.163.128","HTTP","735","HTTP/1.1 200 OK  (JPEG JFIF image)"
"7989","23.277052986","183.111.43.34","192.168.163.128","HTTP","3597","HTTP/1.1 200 OK  (JPEG JFIF image)"
"7996","23.277987989","183.111.43.34","192.168.163.128","HTTP","2135","HTTP/1.1 200 OK  (PNG)"
"7997","23.278004265","192.168.163.128","183.111.43.34","HTTP","458","GET /webtoon/op/8b3feea3e1629a44161e2c6572413cba95074760 HTTP/1.1 "
"8004","23.278796257","183.111.43.34","192.168.163.128","HTTP","2414","HTTP/1.1 200 OK  (JPEG JFIF image)"
"8007","23.279002875","192.168.163.128","183.111.43.34","HTTP","458","GET /webtoon/op/13b4dd4f1f8239492400d2702fccc8e05eef1ab9 HTTP/1.1 "
"8010","23.279314413","183.111.43.34","192.168.163.128","HTTP","2405","HTTP/1.1 200 OK  (JPEG JFIF image)"
"8016","23.280056830","192.168.163.128","183.111.43.34","HTTP","458","GET /webtoon/op/f18e47d6ca375b35ab937eb4e44486cfdb3c958b HTTP/1.1 "
"8034","23.282393184","183.111.43.34","192.168.163.128","HTTP","4101","HTTP/1.1 200 OK  (JPEG JFIF image)"
"8046","23.283663431","183.111.43.34","192.168.163.128","HTTP","941","HTTP/1.1 200 OK  (JPEG JFIF image)"
"8061","23.285606317","183.111.43.34","192.168.163.128","HTTP","3833","HTTP/1.1 200 OK  (JPEG JFIF image)"
"8638","23.378982992","121.53.218.13","192.168.163.128","HTTP","3033","HTTP/1.1 200 OK  (application/json)"
"8671","23.503682334","192.168.163.128","183.111.43.34","HTTP","458","GET /daumtop_deco/images/common/minidaum/minidaum_v5.png HTTP/1.1 "
"8683","23.507578626","183.111.43.34","192.168.163.128","HTTP","2845","HTTP/1.1 200 OK  (PNG)"
"8687","23.519302320","192.168.163.128","203.217.227.142","HTTP","458","GET /photo-section/-cartoon10/favicon/201312/favicon.ico HTTP/1.1 "
"8711","23.528621078","203.217.227.142","192.168.163.128","HTTP","1208","HTTP/1.1 200 OK  (image/x-icon)"
"8721","24.209637130","192.168.163.128","121.53.218.13","HTTP","767","GET /webtoon/view/noticingOutsider HTTP/1.1 "
"8826","24.252548895","121.53.218.13","192.168.163.128","HTTP","2363","HTTP/1.1 200 OK  (text/html)"
"8875","24.310017899","192.168.163.128","121.53.218.13","HTTP","747","GET /data/pc/my/popup_notice?timeStamp=1582528343024 HTTP/1.1 "
"8885","24.325191129","192.168.163.128","121.53.218.13","HTTP","913","GET /common/click?platform=pc&contentType=webtoon&contentId=1847&userId=&age=&gender= HTTP/1.1 "
"8889","24.325351564","192.168.163.128","121.53.218.13","HTTP","820","GET /data/pc/webtoon/view/noticingOutsider?timeStamp=1582528343024 HTTP/1.1 "
"8895","24.327830430","192.168.163.128","121.53.218.13","HTTP","814","GET /data/pc/cms/webtoon_home_notice?timeStamp=1582528343024 HTTP/1.1 "
"8899","24.329334982","192.168.163.128","121.53.218.13","HTTP","821","GET /data/pc/cms/webtoon_home_bottom_banner?timeStamp=1582528343024 HTTP/1.1 "
"8903","24.330393175","192.168.163.128","121.53.218.13","HTTP","815","GET /data/pc/webtoon/list_recent_view?timeStamp=1582528343024 HTTP/1.1 "
"8905","24.332211605","121.53.218.13","192.168.163.128","HTTP","315","HTTP/1.1 200 OK  (application/json)"
"8912","24.348459310","192.168.163.128","203.217.238.37","HTTP","470","GET /img-contents/webtoon/PC/wt_minidaum_20170908.png HTTP/1.1 "
"8916","24.349879366","121.53.218.13","192.168.163.128","HTTP","365","HTTP/1.1 200 OK  (text/html)"
"8920","24.351622031","121.53.218.13","192.168.163.128","HTTP","478","HTTP/1.1 200 OK  (application/json)"
"8922","24.352053302","203.217.238.37","192.168.163.128","HTTP","252","HTTP/1.1 304 Not Modified "
"8923","24.352772049","121.53.218.13","192.168.163.128","HTTP","313","HTTP/1.1 200 OK  (application/json)"
"8925","24.352982610","121.53.218.13","192.168.163.128","HTTP","872","HTTP/1.1 200 OK  (application/json)"
"8957","24.375122619","192.168.163.128","203.217.227.142","HTTP","524","GET /svc/original/U0301/cssjs/cartoon/20160829185520/common.css HTTP/1.1 "
"8981","24.385794215","203.217.227.142","192.168.163.128","HTTP","5099","HTTP/1.1 200 OK  (text/css)"
"8995","24.399910044","192.168.163.128","113.29.189.194","HTTP","951","GET /v2/content_view?age=&content_id=1847&userid=&content_type=webtoon&gender=&platform=pc&version=&uuid=2UQrCrbkHVB_190102133526643 HTTP/1.1 "
"8999","24.410015980","113.29.189.194","192.168.163.128","HTTP","60","HTTP/1.1 200   (text/plain)"
"9034","24.424347839","121.53.218.13","192.168.163.128","HTTP","2222","HTTP/1.1 200 OK  (application/json)"
"9038","24.432398840","192.168.163.128","203.217.238.37","HTTP","415","GET /img-section/cartoon/webtoon2015/bg_line.png HTTP/1.1 "
"9039","24.432477370","192.168.163.128","203.217.238.37","HTTP","422","GET /img-section/cartoon/webtoon2015/bg_comm_151111.png HTTP/1.1 "
"9040","24.432525111","192.168.163.128","183.111.43.34","HTTP","487","GET /webtoon/op/c630be2009d61c114d26099bafd16dc368ad8d0f HTTP/1.1 "
"9050","24.436513809","203.217.238.37","192.168.163.128","HTTP","997","HTTP/1.1 200 OK  (PNG)"
"9064","24.438823593","183.111.43.34","192.168.163.128","HTTP","60","HTTP/1.1 200 OK  (PNG)"
"9122","24.450657821","192.168.163.128","203.217.238.37","HTTP","421","GET /img-section/cartoon/webtoon2015/bg_other_list.gif HTTP/1.1 "
"9147","24.454120774","203.217.238.37","192.168.163.128","HTTP","2418","HTTP/1.1 200 OK  (GIF89a)"
"9157","24.455189939","192.168.163.128","121.53.218.13","HTTP","771","GET /data/pc/cms/webtoon_view_banner?timeStamp=1582528343024 HTTP/1.1 "
"9298","24.481676757","121.53.218.13","192.168.163.128","HTTP","535","HTTP/1.1 200 OK  (application/json)"
"9368","24.493886124","203.217.238.37","192.168.163.128","HTTP","1937","HTTP/1.1 200 OK  (PNG)"
"9369","24.503727201","192.168.163.128","183.111.43.34","HTTP","487","GET /webtoon/op/cc0dc641e93ffb0bb0aa26b68b159f03b7e4d391 HTTP/1.1 "
"9452","24.521353222","183.111.43.34","192.168.163.128","HTTP","2261","HTTP/1.1 200 OK  (PNG)"
"9456","24.533693484","192.168.163.128","121.53.218.13","HTTP","852","GET /webtoon/save_viewer HTTP/1.1 "
"9457","24.533757936","192.168.163.128","183.111.43.34","HTTP","487","GET /webtoon/op/6cb743ee0e5ca6735c071acb5b0820250b389581 HTTP/1.1 "
"9460","24.533903553","192.168.163.128","183.111.43.34","HTTP","487","GET /webtoon/op/f7f0116d4f878952af3e41915bc31ee3cd83836d HTTP/1.1 "
"9461","24.533971092","192.168.163.128","183.111.43.34","HTTP","487","GET /webtoon/op/2db202cbb561c4e6515877828490ed02d16262e8 HTTP/1.1 "
"9464","24.534149461","192.168.163.128","183.111.43.34","HTTP","487","GET /webtoon/op/5d15e5628e1cd39ea9642bbc08cde759c486f6f1 HTTP/1.1 "
"9466","24.534684339","192.168.163.128","183.111.43.34","HTTP","487","GET /webtoon/op/ff455fe7f3cf441c9b5ea13500c7e3d09b6240c8 HTTP/1.1 "
"9467","24.534743241","192.168.163.128","211.231.100.117","HTTP","484","GET /svc/image/U03/cartoon/56AB1AD50213920001 HTTP/1.1 "
"9502","24.539714448","183.111.43.34","192.168.163.128","HTTP","1794","HTTP/1.1 200 OK  (JPEG JFIF image)"
"9506","24.540355898","211.231.100.117","192.168.163.128","HTTP","4023","HTTP/1.1 200 OK  (JPEG JFIF image)"
"9509","24.540384081","121.53.218.13","192.168.163.128","HTTP","1066","HTTP/1.1 200 OK  (text/html)"
"9517","24.541486629","183.111.43.34","192.168.163.128","HTTP","997","HTTP/1.1 200 OK  (JPEG JFIF image)"
"9528","24.542562936","183.111.43.34","192.168.163.128","HTTP","1982","HTTP/1.1 200 OK  (JPEG JFIF image)"
"9530","24.542582934","183.111.43.34","192.168.163.128","HTTP","1263","HTTP/1.1 200 OK  (JPEG JFIF image)"
"9545","24.554912401","192.168.163.128","183.111.43.34","HTTP","487","GET /webtoon/op/5cf526ae8cfc288ac38217c7444941f9a86cd0ae HTTP/1.1 "
"9565","24.560164727","183.111.43.34","192.168.163.128","HTTP","1247","HTTP/1.1 200 OK  (JPEG JFIF image)"
"9570","24.561711385","192.168.163.128","183.111.43.34","HTTP","487","GET /webtoon/op/3e153fbc2dc47030bdf1ac106c3c8220fcfb0e21 HTTP/1.1 "
"9574","24.562732517","192.168.163.128","183.111.43.34","HTTP","487","GET /webtoon/op/2794590ca606cca63f7bdb2c9f3c2bbe1797d5b3 HTTP/1.1 "
"9580","24.563584448","192.168.163.128","183.111.43.34","HTTP","487","GET /webtoon/op/6ca7cd8c26381c5ef00b7e1e61a4fa50427ff922 HTTP/1.1 "
"9581","24.563649331","192.168.163.128","183.111.43.34","HTTP","487","GET /webtoon/op/caec4475dffe15245900a381d4893cff14f9b756 HTTP/1.1 "
"9584","24.563921770","192.168.163.128","183.111.43.34","HTTP","487","GET /webtoon/op/1c66283de8d87f7afe4996a5d6157c676a0beb2c HTTP/1.1 "
"9594","24.565574559","183.111.43.34","192.168.163.128","HTTP","3479","HTTP/1.1 200 OK  (JPEG JFIF image)"
"9596","24.566129700","192.168.163.128","183.111.43.34","HTTP","487","GET /webtoon/op/5e818204064259879ac092da6509304b5d23b527 HTTP/1.1 "
"9616","24.569333570","183.111.43.34","192.168.163.128","HTTP","2908","HTTP/1.1 200 OK  (JPEG JFIF image)"
"9622","24.570126518","183.111.43.34","192.168.163.128","HTTP","1611","HTTP/1.1 200 OK  (JPEG JFIF image)"
"9631","24.571128274","183.111.43.34","192.168.163.128","HTTP","2733","HTTP/1.1 200 OK  (JPEG JFIF image)"
"9646","24.573193012","183.111.43.34","192.168.163.128","HTTP","3535","HTTP/1.1 200 OK  (JPEG JFIF image)"
"9649","24.574220612","192.168.163.128","183.111.43.34","HTTP","487","GET /webtoon/op/834401cefe11a35ca36b78a8cae0e85335b41610 HTTP/1.1 "
"9651","24.575259789","192.168.163.128","183.111.43.34","HTTP","487","GET /webtoon/op/7e30867ee49f678dacfb2818ef8171718b502504 HTTP/1.1 "
"9652","24.575311106","192.168.163.128","183.111.43.34","HTTP","487","GET /webtoon/op/9b85b60455e3b937bc736a72633a4a9db465ec27 HTTP/1.1 "
"9653","24.575642206","192.168.163.128","183.111.43.34","HTTP","487","GET /webtoon/op/efa61eec9a1a71ca7f1ed1be8d2b2e628f71d6c6 HTTP/1.1 "
"9666","24.580261414","183.111.43.34","192.168.163.128","HTTP","2342","HTTP/1.1 200 OK  (JPEG JFIF image)"
"9681","24.582319379","183.111.43.34","192.168.163.128","HTTP","1610","HTTP/1.1 200 OK  (JPEG JFIF image)"
"9683","24.582455548","192.168.163.128","183.111.43.34","HTTP","487","GET /webtoon/op/3f045035aded9fed5d3f4c755e2927b285853710 HTTP/1.1 "
"9696","24.583896750","183.111.43.34","192.168.163.128","HTTP","2398","HTTP/1.1 200 OK  (JPEG JFIF image)"
"9708","24.585083933","192.168.163.128","183.111.43.34","HTTP","487","GET /webtoon/op/5b2fc035c4a68b847281ebca49928a94a0f56fed HTTP/1.1 "
"9714","24.585610180","183.111.43.34","192.168.163.128","HTTP","1306","HTTP/1.1 200 OK  (JPEG JFIF image)"
"9720","24.586579298","192.168.163.128","183.111.43.34","HTTP","487","GET /webtoon/op/dee5b76963592fb15d75f3be6ad976758d442c0f HTTP/1.1 "
"9726","24.587424616","192.168.163.128","183.111.43.34","HTTP","487","GET /webtoon/op/2212ecec3a38896456bea8da2fd9a56ce8660f06 HTTP/1.1 "
"9747","24.589807399","183.111.43.34","192.168.163.128","HTTP","3265","HTTP/1.1 200 OK  (JPEG JFIF image)"
"9753","24.590465957","192.168.163.128","183.111.43.34","HTTP","487","GET /webtoon/op/5bbfd79455d0c9f24dbf64cc5e768c616549ea0c HTTP/1.1 "
"9784","24.594192677","183.111.43.34","192.168.163.128","HTTP","1583","HTTP/1.1 200 OK  (JPEG JFIF image)"
"9796","24.595634385","192.168.163.128","183.111.43.34","HTTP","487","GET /webtoon/op/f2e8eb6bd94d50b1a5b3fa8ccacfa47b2f375555 HTTP/1.1 "
"9798","24.595837746","183.111.43.34","192.168.163.128","HTTP","4631","HTTP/1.1 200 OK  (JPEG JFIF image)"
"9804","24.596460862","183.111.43.34","192.168.163.128","HTTP","2675","HTTP/1.1 200 OK  (JPEG JFIF image)"
"9810","24.597337159","183.111.43.34","192.168.163.128","HTTP","3103","HTTP/1.1 200 OK  (JPEG JFIF image)"
"9823","24.603355854","183.111.43.34","192.168.163.128","HTTP","1378","HTTP/1.1 200 OK  (JPEG JFIF image)"
"9881","24.626923514","183.111.43.34","192.168.163.128","HTTP","4021","HTTP/1.1 200 OK  (JPEG JFIF image)"
"9887","24.627855512","183.111.43.34","192.168.163.128","HTTP","1863","HTTP/1.1 200 OK  (JPEG JFIF image)"
"10369","25.562751689","192.168.163.128","121.53.218.13","HTTP","823","GET /league HTTP/1.1 "
"10410","25.599742461","121.53.218.13","192.168.163.128","HTTP","2087","HTTP/1.1 200 OK  (text/html)"
"10427","25.625487242","192.168.163.128","121.53.218.13","HTTP","724","GET /data/pc/my/popup_notice?timeStamp=1582528344343 HTTP/1.1 "
"10432","25.636745580","192.168.163.128","121.53.218.13","HTTP","794","GET /data/pc/cms/league_home_top_banner?timeStamp=1582528344343 HTTP/1.1 "
"10440","25.641559734","192.168.163.128","121.53.218.13","HTTP","830","GET /data/pc/leaguetoon/list?level=major&sort=recent&genre_id=all&page_no=1&timeStamp=1582528344343 HTTP/1.1 "
"10444","25.642272680","192.168.163.128","121.53.218.13","HTTP","791","GET /data/pc/leaguetoon/list_rank_up?timeStamp=1582528344343 HTTP/1.1 "
"10449","25.642768112","192.168.163.128","121.53.218.13","HTTP","791","GET /data/pc/cms/webtoon_home_notice?timeStamp=1582528344343 HTTP/1.1 "
"10452","25.642871839","192.168.163.128","121.53.218.13","HTTP","798","GET /data/pc/cms/webtoon_home_bottom_banner?timeStamp=1582528344343 HTTP/1.1 "
"10454","25.645376234","121.53.218.13","192.168.163.128","HTTP","315","HTTP/1.1 200 OK  (application/json)"
"10465","25.649182014","192.168.163.128","121.53.218.13","HTTP","792","GET /data/pc/webtoon/list_recent_view?timeStamp=1582528344343 HTTP/1.1 "
"10470","25.662887317","121.53.218.13","192.168.163.128","HTTP","624","HTTP/1.1 200 OK  (application/json)"
"10476","25.669679509","121.53.218.13","192.168.163.128","HTTP","872","HTTP/1.1 200 OK  (application/json)"
"10480","25.670987547","192.168.163.128","183.111.43.34","HTTP","464","GET /webtoon/op/6ac67a1b5e4395d4eb6e9f98a50439bb45c1f76d HTTP/1.1 "
"10482","25.672081989","121.53.218.13","192.168.163.128","HTTP","478","HTTP/1.1 200 OK  (application/json)"
"10492","25.673505247","121.53.218.13","192.168.163.128","HTTP","313","HTTP/1.1 200 OK  (application/json)"
"10517","25.677232357","121.53.218.13","192.168.163.128","HTTP","1435","HTTP/1.1 200 OK  (application/json)"
"10538","25.681276531","192.168.163.128","183.111.43.34","HTTP","464","GET /webtoon/op/dfe5ccef290e6efb17eaa0f323e55f7ab1dc4099 HTTP/1.1 "
"10584","25.688897604","183.111.43.34","192.168.163.128","HTTP","4303","HTTP/1.1 200 OK  (PNG)"
"10604","25.694666514","192.168.163.128","183.111.43.34","HTTP","461","GET /cartoon/b74e66cea6df7bb6e7405367b2993d304fa32945 HTTP/1.1 "
"10605","25.694727169","192.168.163.128","183.111.43.34","HTTP","461","GET /cartoon/53b71f887ca55c67d568093fa02d28c483ab00d0 HTTP/1.1 "
"10607","25.694778728","192.168.163.128","183.111.43.34","HTTP","461","GET /cartoon/81743ee3bcdd5e64c166350da8f9961de0c84561 HTTP/1.1 "
"10609","25.694831558","192.168.163.128","183.111.43.34","HTTP","461","GET /cartoon/65a7fd4afff824e737bf6cd20699c5451e86bec7 HTTP/1.1 "
"10617","25.695622924","192.168.163.128","183.111.43.34","HTTP","461","GET /cartoon/a6583ef1032d41102b2ba6be735747cdc6db9cd1 HTTP/1.1 "
"10669","25.703844223","183.111.43.34","192.168.163.128","HTTP","2613","HTTP/1.1 200 OK  (PNG)"
"10688","25.706127917","183.111.43.34","192.168.163.128","HTTP","1851","HTTP/1.1 200 OK  (JPEG JFIF image)"
"10697","25.707103884","183.111.43.34","192.168.163.128","HTTP","637","HTTP/1.1 200 OK  (JPEG JFIF image)"
"10700","25.707283286","192.168.163.128","183.111.43.34","HTTP","461","GET /cartoon/662505731cc3beeae3ed266d6ce6b116096e421f HTTP/1.1 "
"10728","25.710142685","192.168.163.128","183.111.43.34","HTTP","461","GET /cartoon/81c14b2b799b44ab1e18b3176238bd5be4659d80 HTTP/1.1 "
"10737","25.710548607","192.168.163.128","183.111.43.34","HTTP","461","GET /cartoon/b00ec7341f570865a175cd0e8540b5f3d78674d8 HTTP/1.1 "
"10739","25.710683764","183.111.43.34","192.168.163.128","HTTP","3164","HTTP/1.1 200 OK  (JPEG JFIF image)"
"10750","25.712176354","192.168.163.128","183.111.43.34","HTTP","461","GET /cartoon/244990646769a5151bd42b1ae59a2e3ce27343ac HTTP/1.1 "
"10779","25.715236727","183.111.43.34","192.168.163.128","HTTP","2537","HTTP/1.1 200 OK  (JPEG JFIF image)"
"10784","25.715566765","183.111.43.34","192.168.163.128","HTTP","2476","HTTP/1.1 200 OK  (JPEG JFIF image)"
"10790","25.716458120","183.111.43.34","192.168.163.128","HTTP","1990","HTTP/1.1 200 OK  (JPEG JFIF image)"
"10801","25.718065578","183.111.43.34","192.168.163.128","HTTP","3404","HTTP/1.1 200 OK  (JPEG JFIF image)"
"10806","25.718897941","192.168.163.128","183.111.43.34","HTTP","461","GET /cartoon/137e409968e29aae581fef29bf39c5fd54fe6085 HTTP/1.1 "
"10817","25.719996882","192.168.163.128","183.111.43.34","HTTP","461","GET /cartoon/73d22a70b10f134c4295790385597e9514dae9c1 HTTP/1.1 "
"10822","25.720875453","192.168.163.128","183.111.43.34","HTTP","461","GET /cartoon/d921cad95c3346bc346322b51a8b83efee59f777 HTTP/1.1 "
"10825","25.721301774","183.111.43.34","192.168.163.128","HTTP","2250","HTTP/1.1 200 OK  (JPEG JFIF image)"
"10828","25.721440869","192.168.163.128","183.111.43.34","HTTP","461","GET /cartoon/ff75e66675e424f4f2d4f2a1404e0db529a80d01 HTTP/1.1 "
"10860","25.724976616","183.111.43.34","192.168.163.128","HTTP","1959","HTTP/1.1 200 OK  (JPEG JFIF image)"
"10897","25.730164004","183.111.43.34","192.168.163.128","HTTP","4798","HTTP/1.1 200 OK  (JPEG JFIF image)"
"10937","25.734841958","183.111.43.34","192.168.163.128","HTTP","882","HTTP/1.1 200 OK  (JPEG JFIF image)"
"10955","25.736688817","183.111.43.34","192.168.163.128","HTTP","1728","HTTP/1.1 200 OK  (JPEG JFIF image)"
"10961","25.737292014","183.111.43.34","192.168.163.128","HTTP","1979","HTTP/1.1 200 OK  (JPEG JFIF image)"
"10965","25.737799841","121.53.218.13","192.168.163.128","HTTP","2165","HTTP/1.1 200 OK  (application/json)"
"10970","25.746413402","192.168.163.128","183.111.43.34","HTTP","461","GET /cartoon/3e7d8743aa05c2448533a5423f01b644a9851b9e HTTP/1.1 "
"10972","25.747274570","192.168.163.128","183.111.43.34","HTTP","461","GET /cartoon/1320332314d4a9e1d5a8e16fb85a50e44f21f68a HTTP/1.1 "
"10973","25.747592124","192.168.163.128","183.111.43.34","HTTP","461","GET /cartoon/8392c07b48e9da0eb2044e12b21432ca3daa0f7d HTTP/1.1 "
"10975","25.747685141","192.168.163.128","183.111.43.34","HTTP","461","GET /cartoon/007f3d073fc587bce59503a15a1ae08b22565ae8 HTTP/1.1 "
"10977","25.747716040","192.168.163.128","183.111.43.34","HTTP","461","GET /cartoon/23dca1e89b8bd0228c659c4c2fc9f27e05db0b01 HTTP/1.1 "
"10981","25.750241554","192.168.163.128","183.111.43.34","HTTP","461","GET /cartoon/334edd06e601af1b8cf46ec195940970251b6216 HTTP/1.1 "
"10990","25.750722719","192.168.163.128","211.231.100.117","HTTP","461","GET /svc/image/U03/cartoon/54F32FD7023ED50001 HTTP/1.1 "
"10994","25.751089858","192.168.163.128","121.53.218.13","HTTP","748","GET /data/pc/cms/league_right_banner?timeStamp=1582528344343 HTTP/1.1 "
"11011","25.753189157","183.111.43.34","192.168.163.128","HTTP","2673","HTTP/1.1 200 OK  (JPEG JFIF image)"
"11019","25.754164453","192.168.163.128","183.111.43.34","HTTP","461","GET /cartoon/fdf0ada398cad83fd3c36d6e48b0f1459a9f9306 HTTP/1.1 "
"11055","25.757657858","183.111.43.34","192.168.163.128","HTTP","1760","HTTP/1.1 200 OK  (JPEG JFIF image)"
"11066","25.758740142","192.168.163.128","183.111.43.34","HTTP","461","GET /cartoon/5c5412eec9dd32da573e0f60c8c04069718fb20f HTTP/1.1 "
"11083","25.761019719","183.111.43.34","192.168.163.128","HTTP","1249","HTTP/1.1 200 OK  (JPEG JFIF image)"
"11105","25.764192084","192.168.163.128","183.111.43.34","HTTP","461","GET /cartoon/ce06fac6a74a924e96e61939ddc5a8293efa2024 HTTP/1.1 "
"11113","25.764778003","183.111.43.34","192.168.163.128","HTTP","3120","HTTP/1.1 200 OK  (JPEG JFIF image)"
"11123","25.765703870","192.168.163.128","183.111.43.34","HTTP","461","GET /cartoon/ceecee79a802d9500ff38d99fa63aea672f793d7 HTTP/1.1 "
"11130","25.766272687","183.111.43.34","192.168.163.128","HTTP","1595","HTTP/1.1 200 OK  (JPEG JFIF image)"
"11142","25.767576372","192.168.163.128","183.111.43.34","HTTP","461","GET /cartoon/fa89f6e56c33b798a12ce2a85b1ac9309909668d HTTP/1.1 "
"11143","25.767868903","183.111.43.34","192.168.163.128","HTTP","2864","HTTP/1.1 200 OK  (JPEG JFIF image)"
"11152","25.768608551","211.231.100.117","192.168.163.128","HTTP","2475","HTTP/1.1 200 OK  (JPEG JFIF image)"
"11156","25.769400853","192.168.163.128","183.111.43.34","HTTP","461","GET /cartoon/351b40fd8bc739cd1b821b94dd047608211a3304 HTTP/1.1 "
"11177","25.773139100","183.111.43.34","192.168.163.128","HTTP","1371","HTTP/1.1 200 OK  (JPEG JFIF image)"
"11197","25.777733175","183.111.43.34","192.168.163.128","HTTP","1411","HTTP/1.1 200 OK  (JPEG JFIF image)"
"11203","25.778867127","192.168.163.128","183.111.43.34","HTTP","461","GET /cartoon/865a258e1def1fd8907ed814f50eb8e252191ba7 HTTP/1.1 "
"11208","25.779677674","183.111.43.34","192.168.163.128","HTTP","4967","HTTP/1.1 200 OK  (JPEG JFIF image)"
"11210","25.780024624","121.53.218.13","192.168.163.128","HTTP","538","HTTP/1.1 200 OK  (application/json)"
"11251","25.784906756","183.111.43.34","192.168.163.128","HTTP","2080","HTTP/1.1 200 OK  (JPEG JFIF image)"
"11253","25.785142475","192.168.163.128","183.111.43.34","HTTP","461","GET /cartoon/49076e99cbcade56d6d6739bd9868174a159a18a HTTP/1.1 "
"11274","25.787859469","183.111.43.34","192.168.163.128","HTTP","2873","HTTP/1.1 200 OK  (JPEG JFIF image)"
"11278","25.788072399","192.168.163.128","183.111.43.34","HTTP","461","GET /cartoon/d3c3d1bdd6bd6ad69b0c88edf7f34e52be08d3bf HTTP/1.1 "
"11289","25.789812770","192.168.163.128","183.111.43.34","HTTP","461","GET /cartoon/1353f553e26708d586a31e6176fcd0a5e30f8fa1 HTTP/1.1 "
"11294","25.790791051","192.168.163.128","183.111.43.34","HTTP","461","GET /cartoon/ce98992596a57fbca3adf903fec0c4efed5d6d6b HTTP/1.1 "
"11313","25.792536942","183.111.43.34","192.168.163.128","HTTP","277","HTTP/1.1 200 OK  (JPEG JFIF image)"
"11318","25.793229976","192.168.163.128","183.111.43.34","HTTP","464","GET /webtoon/op/b88bfa422463702281d0cb980fefdcdfae170067 HTTP/1.1 "
"11322","25.793422937","183.111.43.34","192.168.163.128","HTTP","3344","HTTP/1.1 200 OK  (JPEG JFIF image)"
"11327","25.794244530","183.111.43.34","192.168.163.128","HTTP","1086","HTTP/1.1 200 OK  (JPEG JFIF image)"
"11370","25.801015642","183.111.43.34","192.168.163.128","HTTP","2065","HTTP/1.1 200 OK  (JPEG JFIF image)"
"11381","25.802677454","183.111.43.34","192.168.163.128","HTTP","3981","HTTP/1.1 200 OK  (JPEG JFIF image)"
"11394","25.804613276","183.111.43.34","192.168.163.128","HTTP","4959","HTTP/1.1 200 OK  (PNG)"
"11396","25.804960116","183.111.43.34","192.168.163.128","HTTP","2203","HTTP/1.1 200 OK  (JPEG JFIF image)"
"11441","27.394011921","192.168.163.128","121.53.218.13","HTTP","820","GET /data/pc/leaguetoon/list?level=major&sort=averageScore&genre_id=all&page_no=1&timeStamp=1582528344343 HTTP/1.1 "
"11511","27.879846461","121.53.218.13","192.168.163.128","HTTP","4013","HTTP/1.1 200 OK  (application/json)"
"11524","27.897633674","192.168.163.128","183.111.43.34","HTTP","461","GET /cartoon/4795eab3775d428c97bbcf105a75244acf0450c4 HTTP/1.1 "
"11525","27.897688489","192.168.163.128","183.111.43.34","HTTP","461","GET /cartoon/c0e31b7d2db76fadcfe0d73ae627547eee338313 HTTP/1.1 "
"11526","27.897736951","192.168.163.128","183.111.43.34","HTTP","461","GET /cartoon/220c604ad267d474f97743b051c0326ddab97e3c HTTP/1.1 "
"11527","27.897787016","192.168.163.128","183.111.43.34","HTTP","461","GET /cartoon/017e11bbe9131e90f893ebcb99ecd84bf67629b7 HTTP/1.1 "
"11528","27.897834757","192.168.163.128","183.111.43.34","HTTP","461","GET /cartoon/20b43f4f9986d4633bc8f41549337ae989691657 HTTP/1.1 "
"11530","27.897900592","192.168.163.128","183.111.43.34","HTTP","461","GET /cartoon/edf8e7066d981a0722708e90224d7fd178adb3ac HTTP/1.1 "
"11541","27.898978739","192.168.163.128","121.53.218.13","HTTP","732","GET /data/pc/cms/league_right_banner?timeStamp=1582528344343 HTTP/1.1 "
"11574","27.919566850","183.111.43.34","192.168.163.128","HTTP","3192","HTTP/1.1 200 OK  (JPEG JFIF image)"
"11576","27.920306667","192.168.163.128","183.111.43.34","HTTP","461","GET /cartoon/0406e84adb9bfcba17a0a8b0e84cf17165b5da20 HTTP/1.1 "
"11578","27.921569705","121.53.218.13","192.168.163.128","HTTP","538","HTTP/1.1 200 OK  (application/json)"
"11611","27.939664504","183.111.43.34","192.168.163.128","HTTP","350","HTTP/1.1 200 OK  (JPEG JFIF image)"
"11612","27.939679823","183.111.43.34","192.168.163.128","HTTP","4334","HTTP/1.1 200 OK  (JPEG JFIF image)"
"11621","27.941177897","192.168.163.128","183.111.43.34","HTTP","461","GET /cartoon/405492d4baf726445c19880c488974454bf4a6f6 HTTP/1.1 "
"11622","27.941267668","192.168.163.128","183.111.43.34","HTTP","461","GET /cartoon/f0fd030eb5eff82b2de44c41a210bdebb0e5780c HTTP/1.1 "
"11630","27.941890218","183.111.43.34","192.168.163.128","HTTP","3147","HTTP/1.1 200 OK  (JPEG JFIF image)"
"11664","27.946379433","183.111.43.34","192.168.163.128","HTTP","2892","HTTP/1.1 200 OK  (JPEG JFIF image)"
"11690","27.950174368","183.111.43.34","192.168.163.128","HTTP","1762","HTTP/1.1 200 OK  (JPEG JFIF image)"
"11741","27.958319683","183.111.43.34","192.168.163.128","HTTP","2706","HTTP/1.1 200 OK  (JPEG JFIF image)"
"11753","27.960090121","183.111.43.34","192.168.163.128","HTTP","1834","HTTP/1.1 200 OK  (JPEG JFIF image)"
"11771","27.998160316","183.111.43.34","192.168.163.128","HTTP","4613","HTTP/1.1 200 OK  (JPEG JFIF image)"
"11837","32.221321941","192.168.163.128","117.16.136.79","HTTP","927","GET / HTTP/1.1 "
"11868","32.684456792","192.168.163.128","117.16.136.79","HTTP","873","GET /wp-content/themes/spacious/style.css?ver=4.7.4 HTTP/1.1 "
"11870","32.684634230","192.168.163.128","117.16.136.79","HTTP","889","GET /wp-content/themes/spacious/genericons/genericons.css?ver=3.3.1 HTTP/1.1 "
"11877","32.685533029","192.168.163.128","117.16.136.79","HTTP","1075","GET /wp-content/plugins/ultimate-member/assets/css/um.min.css?ver=1.3.89 HTTP/1.1 "
"11878","32.685633280","192.168.163.128","117.16.136.79","HTTP","854","GET /wp-includes/js/jquery/jquery.js?ver=1.12.4 HTTP/1.1 "
"11923","32.694790320","117.16.136.79","192.168.163.128","HTTP","60","HTTP/1.1 200 OK  (text/html)"
"11942","32.696895696","117.16.136.79","192.168.163.128","HTTP","2296","HTTP/1.1 200 OK  (text/css)"
"11970","32.701093171","117.16.136.79","192.168.163.128","HTTP","4474","HTTP/1.1 200 OK  (text/css)"
"11998","32.705227771","192.168.163.128","117.16.136.79","HTTP","1156","GET /wp-content/plugins/awsm-team/css/team.min.css?ver=1.1.3 HTTP/1.1 "
"12021","32.711583387","117.16.136.79","192.168.163.128","HTTP","2602","HTTP/1.1 200 OK  (text/javascript)"
"12028","32.712617885","192.168.163.128","117.16.136.79","HTTP","1160","GET /wp-content/plugins/if-menu/assets/if-menu-site.css?ver=4.7.4 HTTP/1.1 "
"12031","32.714199930","117.16.136.79","192.168.163.128","HTTP","205","HTTP/1.1 304 Not Modified "
"12034","32.718073995","117.16.136.79","192.168.163.128","HTTP","204","HTTP/1.1 304 Not Modified "
"12048","32.790473929","117.16.136.79","192.168.163.128","HTTP","6584","HTTP/1.1 200 OK  (text/css)"
"12058","32.792940311","192.168.163.128","117.16.136.79","HTTP","902","GET /wp-content/uploads/2018/03/cropped-20180314_163510.jpg HTTP/1.1 "
"12140","32.808627349","117.16.136.79","192.168.163.128","HTTP","3128","HTTP/1.1 200 OK  (JPEG JFIF image)"
"12154","32.930589338","192.168.163.128","117.16.136.79","HTTP","1138","GET /wp-content/plugins/awsm-team/js/team.min.js?ver=1.1.3 HTTP/1.1 "
"12156","32.933007098","117.16.136.79","192.168.163.128","HTTP","204","HTTP/1.1 304 Not Modified "
"12162","32.937875340","192.168.163.128","117.16.136.79","HTTP","851","GET /wp-includes/js/masonry.min.js?ver=3.3.2 HTTP/1.1 "
"12180","32.942982045","117.16.136.79","192.168.163.128","HTTP","1531","HTTP/1.1 200 OK  (text/javascript)"
"12190","33.002340463","192.168.163.128","117.16.136.79","HTTP","1058","GET /wp-content/plugins/ultimate-member/assets/js/um.min.js?ver=1.3.89 HTTP/1.1 "
"12319","33.025709986","117.16.136.79","192.168.163.128","HTTP","1173","HTTP/1.1 200 OK  (text/javascript)"
"12331","33.056861664","192.168.163.128","117.16.136.79","HTTP","1172","GET /wp-content/plugins/ultimate-member/assets/js/pickadate/translations/ko_KR.js?ver=1.3.89 HTTP/1.1 "
"12333","33.059233987","117.16.136.79","192.168.163.128","HTTP","204","HTTP/1.1 304 Not Modified "
"12401","35.054867061","192.168.163.128","117.16.136.79","HTTP","982","GET /index.php/logout-2/ HTTP/1.1 "
"12432","35.407394838","117.16.136.79","192.168.163.128","HTTP","694","HTTP/1.1 302 Found  (text/html)"
"12437","35.409474264","192.168.163.128","117.16.136.79","HTTP","772","GET / HTTP/1.1 "
"12462","35.860026222","117.16.136.79","192.168.163.128","HTTP","60","HTTP/1.1 200 OK  (text/html)"
"12483","36.681973531","192.168.163.128","117.16.136.79","HTTP","790","GET /index.php/login-2/ HTTP/1.1 "
"12506","37.108979446","117.16.136.79","192.168.163.128","HTTP","60","HTTP/1.1 200 OK  (text/html)"
"12517","37.157893510","192.168.163.128","117.16.136.79","HTTP","790","GET /wp-content/plugins/ultimate-member/assets/font/ionicons.woff?v=2.0.0 HTTP/1.1 "
"12555","37.166085393","117.16.136.79","192.168.163.128","HTTP","2688","HTTP/1.1 200 OK  (text/plain)"
"12594","41.462598793","192.168.163.128","117.16.136.79","HTTP","1048","POST /index.php/login-2/ HTTP/1.1  (application/x-www-form-urlencoded)"
"12598","41.853829995","117.16.136.79","192.168.163.128","HTTP","1257","HTTP/1.1 302 Found  (text/html)"
"12602","41.855834984","192.168.163.128","117.16.136.79","HTTP","1007","GET / HTTP/1.1 "
"12626","42.292137775","117.16.136.79","192.168.163.128","HTTP","60","HTTP/1.1 200 OK  (text/html)"
"12706","48.911226002","192.168.163.128","117.16.136.79","HTTP","983","GET /?mod=editor&pageid=1 HTTP/1.1 "
"12743","49.338622779","192.168.163.128","117.16.136.79","HTTP","1067","GET /wp-content/plugins/kboard/skin/default/script.js?5.3.2 HTTP/1.1 "
"12747","49.345271853","117.16.136.79","192.168.163.128","HTTP","1399","HTTP/1.1 200 OK  (text/javascript)"
"12750","49.350133417","117.16.136.79","192.168.163.128","HTTP","60","HTTP/1.1 200 OK  (text/html)"
"12790","53.665156444","192.168.163.128","117.16.136.79","HTTP","2632","POST /?mod=editor&pageid=1 HTTP/1.1 "
"12808","54.015749481","117.16.136.79","192.168.163.128","HTTP","1028","HTTP/1.1 302 Found "
"12823","54.017700162","192.168.163.128","117.16.136.79","HTTP","1039","GET /?mod=document&pageid=1&uid=970 HTTP/1.1 "
"12846","54.502000478","117.16.136.79","192.168.163.128","HTTP","60","HTTP/1.1 200 OK  (text/html)"
"12889","58.584887832","192.168.163.128","117.16.136.79","HTTP","1021","GET /?mod=remove&pageid=1&uid=970 HTTP/1.1 "
"12903","59.014681168","117.16.136.79","192.168.163.128","HTTP","60","HTTP/1.1 200 OK  (text/html)"
"12911","59.024222559","192.168.163.128","117.16.136.79","HTTP","1009","GET /?mod=list&pageid=1 HTTP/1.1 "
"12941","59.496848467","117.16.136.79","192.168.163.128","HTTP","60","HTTP/1.1 200 OK  (text/html)"
